<?xml version="1.0" encoding="UTF-8"?>
<project-private xmlns="http://www.netbeans.org/ns/project-private/1">
    <editor-bookmarks xmlns="http://www.netbeans.org/ns/editor-bookmarks/2" lastBookmarkId="0"/>
    <open-files xmlns="http://www.netbeans.org/ns/projectui-open-files/2">
        <group>
            <file>file:/home/benny/Repos/VUT/ASBDX3B/Java/ClassActivities/JDBC_PHOLO/src/vut/gui/HalesComfortersFrame.java</file>
            <file>file:/home/benny/Repos/VUT/ASBDX3B/Java/ClassActivities/JDBC_PHOLO/test/vut/tests/HalesComforterTest.java</file>
            <file>file:/home/benny/Repos/VUT/ASBDX3B/Java/ClassActivities/JDBC_PHOLO/src/vut/gui/ViewSalesFrame.java</file>
            <file>file:/home/benny/Repos/VUT/ASBDX3B/Java/ClassActivities/JDBC_PHOLO/src/vut/data/HalesComforters.java</file>
        </group>
    </open-files>
</project-private>
